ccaa,anyo,ipv_general,salario_medio_anual,salario_idx,ratio_asequibilidad
Andalucía,2008,134.534,20138.56,94.18891419169236,1.428342190315494
Andalucía,2009,130.163,20906.33,97.7798076145069,1.331184865009784
Andalucía,2010,128.108,20964.36,98.05121642876887,1.3065416694046468
Andalucía,2011,120.476,21350.98,99.85945485320399,1.2064556148148704
Andalucía,2012,106.267,20891.63,97.71105508013413,1.087563734859367
Andalucía,2013,96.923,20782.03,97.19845115038892,0.99716609527077
Andalucía,2014,97.077,20840.3,97.47098245500801,0.9959579513298753
Andalucía,2015,100.0,21381.03,100.0,1.0
Andalucía,2016,102.841,21268.41,99.47327139992788,1.0338556131981655
Andalucía,2017,106.101,21404.28,100.10874125334468,1.0598574976733626
Andalucía,2018,111.371,21805.92,101.98722886596201,1.0920092764396092
Andalucía,2019,117.358,22060.99,103.18020226340828,1.1374081211858578
Andalucía,2020,120.098,22323.85,104.40960982702892,1.1502581055418308
Andalucía,2021,125.598,23154.99,108.29688747455106,1.1597563229092303
Andalucía,2022,136.786,24094.32,112.69017442097038,1.2138236603398642
Andalucía,2023,143.568,25051.51,117.16699335813101,1.2253280201632557
Andalucía,2024,158.471,26089.7,122.02265279081506,1.2987014818606575
Aragón,2008,171.55,21594.47,96.71830477471853,1.773707680253324
Aragón,2009,156.466,22133.77,99.13374640236698,1.5783323608585433
Aragón,2010,147.964,22316.69,99.95301690585197,1.4803355074251603
Aragón,2011,135.826,22333.53,100.02844067186271,1.3578738115649431
Aragón,2012,116.262,22103.79,98.99947060040722,1.1743699162722772
Aragón,2013,101.492,22054.85,98.78027587899591,1.0274520808620327
Aragón,2014,99.157,22095.79,98.96363983270615,1.0019538506023091
Aragón,2015,100.0,22327.18,100.0,1.0
Aragón,2016,101.896,22248.76,99.64876889961025,1.0225515189520675
Aragón,2017,104.788,23039.94,103.19234224832692,1.0154629473167032
Aragón,2018,109.837,23531.83,105.39544178888691,1.0421418434775367
Aragón,2019,116.513,23565.09,105.54440820560411,1.103923949936113
Aragón,2020,119.487,24113.57,108.00096563918954,1.1063512191102354
Aragón,2021,124.019,25011.55,112.02287973671552,1.1070863406786065
Aragón,2022,131.96,26012.71,116.50692116066605,1.1326365737364543
Aragón,2023,137.114,26822.32,120.13303964047408,1.1413512919538653
Aragón,2024,151.038,28061.94,125.68510667267428,1.2017175622355405
"Asturias, Principado de",2008,145.647,21805.67,95.52971472080594,1.5246250910061467
"Asturias, Principado de",2009,144.298,22597.97,99.00074739135883,1.457544551957543
"Asturias, Principado de",2010,142.195,22241.39,97.43858554652006,1.4593294761253681
"Asturias, Principado de",2011,134.027,22286.48,97.63612292265944,1.3727193992142321
"Asturias, Principado de",2012,114.537,21750.66,95.2887182457244,1.2019995872401115
"Asturias, Principado de",2013,100.763,21994.99,96.35911760505317,1.045702809494344
"Asturias, Principado de",2014,98.51,22045.29,96.5794797700523,1.019988927612202
"Asturias, Principado de",2015,100.0,22826.06,100.0,1.0
"Asturias, Principado de",2016,101.418,23095.83,101.18185091951919,1.0023339074975872
"Asturias, Principado de",2017,102.535,23609.67,103.4329621494029,0.9913184140650845
"Asturias, Principado de",2018,106.123,23914.61,104.7688913461193,1.012924720654027
"Asturias, Principado de",2019,110.561,24865.89,108.93640864871115,1.0149132082784893
"Asturias, Principado de",2020,114.072,24527.96,107.45595166226671,1.06156986407349
"Asturias, Principado de",2021,118.807,25046.6,109.72809148841279,1.082740056702307
"Asturias, Principado de",2022,126.182,26745.93,117.17278408976406,1.0768882977410021
"Asturias, Principado de",2023,130.901,27916.6,122.3014396702716,1.0703144652500665
"Asturias, Principado de",2024,141.097,28562.31,125.13026777288765,1.127600879557711
"Balears, Illes",2008,137.526,20388.09,95.29184283365319,1.443208525624519
"Balears, Illes",2009,126.278,21070.14,98.4796746219518,1.2822747484164796
"Balears, Illes",2010,123.729,21613.6,101.01975095604574,1.2248000893789095
"Balears, Illes",2011,116.98,21351.0,99.79238547315268,1.1722337275069081
"Balears, Illes",2012,100.789,20960.53,97.96736871723014,1.028801746129511
"Balears, Illes",2013,93.581,20776.29,97.10624984225598,0.9636969829647158
"Balears, Illes",2014,93.987,21322.08,99.65721635751952,0.9431028021375024
"Balears, Illes",2015,100.0,21395.42,100.0,1.0
"Balears, Illes",2016,106.176,21478.34,100.38755958050835,1.0576609337220662
"Balears, Illes",2017,114.627,22036.46,102.99615525191841,1.1129250380233484
"Balears, Illes",2018,123.185,22800.87,106.56892923812666,1.155918529731541
"Balears, Illes",2019,130.597,23325.33,109.02020151976453,1.1979155989390073
"Balears, Illes",2020,135.899,23881.42,111.61930917925424,1.217522317592505
"Balears, Illes",2021,143.803,24134.73,112.80325415439381,1.274812513858659
"Balears, Illes",2022,157.034,27145.79,126.8766399537845,1.2376904058714076
"Balears, Illes",2023,163.443,27537.0,128.70511539385535,1.269902905567055
"Balears, Illes",2024,174.244,29075.06,135.8938501791505,1.2822066618194425
Canarias,2008,139.782,18466.99,93.00172587365114,1.5030043656383636
Canarias,2009,134.441,18926.36,95.31516205434866,1.4104891299806195
Canarias,2010,131.108,19315.56,97.27521465144353,1.3478047873734957
Canarias,2011,123.61,19516.96,98.2894864732701,1.2576116168194227
Canarias,2012,107.173,19277.62,97.08414477597131,1.103918670214477
Canarias,2013,97.953,19167.93,96.53173426884045,1.014723300497237
Canarias,2014,96.711,19436.48,97.88418063304863,0.9880146043470835
Canarias,2015,100.0,19856.61,100.0,1.0
Canarias,2016,103.344,19749.03,99.45821567729838,1.0390695157382412
Canarias,2017,107.888,20185.33,101.65546888416503,1.0613103375966604
Canarias,2018,113.276,20763.48,104.56709377884744,1.0832853425148385
Canarias,2019,117.587,20861.14,105.05891992641241,1.1192481331653017
Canarias,2020,118.96,21631.17,108.9368729103306,1.092008580950545
Canarias,2021,125.792,22466.23,113.1423238911375,1.1118032198192578
Canarias,2022,137.24,23096.92,116.31854581421501,1.17986344343748
Canarias,2023,144.51,24033.57,121.03561484059968,1.1939460975210923
Canarias,2024,156.095,25120.38,126.50890559868981,1.2338657050371054
Cantabria,2008,153.98,20377.68,93.23263550353414,1.6515675993538026
Cantabria,2009,143.507,20869.86,95.48447371780236,1.5029354450245476
Cantabria,2010,134.886,21156.79,96.79724534367092,1.3934900680396223
Cantabria,2011,122.397,20931.68,95.76731462642535,1.278066535304381
Cantabria,2012,105.107,20191.51,92.38086436218276,1.1377572695999458
Cantabria,2013,95.561,20052.12,91.74312262402427,1.0416148618749541
Cantabria,2014,97.211,21199.83,96.99416337516774,1.0022355636389537
Cantabria,2015,100.0,21856.81,100.0,1.0
Cantabria,2016,102.547,22063.02,100.94345881215054,1.0158855383669143
Cantabria,2017,106.683,22390.4,102.44129861585473,1.0414061656915465
Cantabria,2018,112.938,22554.83,103.19360419018146,1.0944282922017146
Cantabria,2019,116.423,23347.52,106.82034569546059,1.089895368171866
Cantabria,2020,117.829,23495.12,107.49565009715508,1.096128074889594
Cantabria,2021,124.303,24470.7,111.95915597930349,1.1102531000053124
Cantabria,2022,136.343,25291.14,115.71286020238085,1.1782873551093387
Cantabria,2023,143.358,26568.7,121.55799496815867,1.179338307098202
Cantabria,2024,156.313,27097.17,123.97586839067547,1.260834080285875
Castilla - La Mancha,2008,149.222,19736.37,95.48062339899035,1.56285112819632
Castilla - La Mancha,2009,144.77,20228.79,97.86285318968292,1.4793151362488808
Castilla - La Mancha,2010,143.137,20363.01,98.51218279145935,1.452987802564552
Castilla - La Mancha,2011,133.946,20664.9,99.97266642638924,1.3398262223867523
Castilla - La Mancha,2012,118.443,20536.42,99.35110580028108,1.1921658953459269
Castilla - La Mancha,2013,100.52,20630.07,99.80416583013032,1.0071723876845788
Castilla - La Mancha,2014,97.846,20644.88,99.87581365759499,0.9796766245674472
Castilla - La Mancha,2015,100.0,20670.55,100.0,1.0
Castilla - La Mancha,2016,100.838,20825.87,100.75140719526088,1.0008594699285072
Castilla - La Mancha,2017,101.582,21033.32,101.75500893783669,0.9982997501583201
Castilla - La Mancha,2018,103.975,21756.38,105.25302906792516,0.9878575554618919
Castilla - La Mancha,2019,107.643,21908.92,105.99098717740941,1.0155863518831598
Castilla - La Mancha,2020,109.029,22575.01,109.21339780508985,0.9983115825640829
Castilla - La Mancha,2021,111.669,23234.55,112.40412083858435,0.9934600187866777
Castilla - La Mancha,2022,118.284,23751.71,114.9060378170876,1.0293976038777841
Castilla - La Mancha,2023,120.268,24885.63,120.39171671774578,0.998972381812315
Castilla - La Mancha,2024,128.032,26062.05,126.08300214556458,1.0154580539903808
Castilla y León,2008,152.999,20218.21,94.93855682495857,1.6115580973290908
Castilla y León,2009,148.896,21037.13,98.78395574776604,1.5072893049574723
Castilla y León,2010,144.791,20960.87,98.42586201229334,1.471066618465741
Castilla y León,2011,135.8,21029.37,98.74751715102765,1.3752244503758317
Castilla y León,2012,117.855,20569.14,96.58641723132405,1.2202026266047097
Castilla y León,2013,101.215,20440.56,95.98264470959472,1.0545135561354484
Castilla y León,2014,98.774,20524.83,96.3783509656698,1.0248567132590134
Castilla y León,2015,100.0,21296.1,100.0,1.0
Castilla y León,2016,101.056,21551.57,101.19960931813807,0.998580930113212
Castilla y León,2017,102.71,21846.88,102.5862951432422,1.0012058614319297
Castilla y León,2018,106.921,22034.53,103.46744239555599,1.0333782059794332
Castilla y León,2019,112.083,22061.44,103.5938035602763,1.0819469519215428
Castilla y León,2020,114.719,22948.76,107.76038805227248,1.0645748597745586
Castilla y León,2021,118.8,23564.33,110.65091730410734,1.0736467703516288
Castilla y León,2022,125.987,24186.89,113.57426946717943,1.1092917488358363
Castilla y León,2023,129.538,25227.03,118.4584501387578,1.0935311060398312
Castilla y León,2024,139.706,26177.28,122.92053474579853,1.1365554200436407
Cataluña,2008,162.199,23375.54,96.1103251147027,1.687633454641048
Cataluña,2009,143.716,23851.31,98.06648995110102,1.4654955028130532
Cataluña,2010,139.892,24449.19,100.52471941572851,1.391617910630168
Cataluña,2011,126.522,24499.32,100.7308327546289,1.2560404450164333
Cataluña,2012,106.514,24436.39,100.47209123424187,1.060135194674827
Cataluña,2013,94.337,24253.73,99.7210706381208,0.9460086960191278
Cataluña,2014,95.396,23927.17,98.37839415794292,0.9696844598504546
Cataluña,2015,100.0,24321.57,100.0,1.0
Cataluña,2016,107.02,24454.64,100.54712750862711,1.0643765033547825
Cataluña,2017,117.26,25180.45,103.5313509777535,1.1326037851587243
Cataluña,2018,127.548,25552.84,105.0624610171136,1.2140206765118868
Cataluña,2019,134.144,25968.2,106.77024550635505,1.2563799901725958
Cataluña,2020,136.892,27100.11,111.42418026467864,1.2285663639151279
Cataluña,2021,141.623,28145.02,115.72040785196023,1.2238377191098102
Cataluña,2022,151.701,28774.55,118.30876871846678,1.2822464610463065
Cataluña,2023,157.01,29978.69,123.25968266028879,1.273814734966738
Cataluña,2024,168.592,31730.05,130.4605335921982,1.2922835386140268
Comunitat Valenciana,2008,145.206,19793.62,94.54613021669984,1.5358217165227988
Comunitat Valenciana,2009,137.298,20489.79,97.87145319819388,1.4028401082587962
Comunitat Valenciana,2010,133.02,20707.24,98.9101240434269,1.3448572761024646
Comunitat Valenciana,2011,123.154,21316.34,101.81954879316908,1.209531975536138
Comunitat Valenciana,2012,106.444,21223.72,101.37714045246786,1.0499802965926803
Comunitat Valenciana,2013,96.84,20878.02,99.72587114367477,0.9710619610480304
Comunitat Valenciana,2014,97.659,20639.58,98.5869395440548,0.990587601680848
Comunitat Valenciana,2015,100.0,20935.41,100.0,1.0
Comunitat Valenciana,2016,102.612,21168.81,101.11485755473622,1.0148063546888086
Comunitat Valenciana,2017,105.385,21362.39,102.03951104850586,1.0327862111168273
Comunitat Valenciana,2018,109.676,22121.05,105.66332352698132,1.0379760577187793
Comunitat Valenciana,2019,114.306,22045.66,105.30321593892835,1.0854939137499173
Comunitat Valenciana,2020,116.814,22856.7,109.17722652673152,1.0699484106367059
Comunitat Valenciana,2021,121.866,23448.29,112.00301307688744,1.0880600142099914
Comunitat Valenciana,2022,130.636,24510.34,117.07599707863376,1.1158222288062916
Comunitat Valenciana,2023,135.921,25632.37,122.43548132088169,1.1101438776866908
Comunitat Valenciana,2024,148.233,26816.98,128.09388495376973,1.157221518056843
Extremadura,2008,137.785,18264.9,93.35740415415889,1.4758872233902183
Extremadura,2009,137.26,19099.56,97.62360276194269,1.4060124408101546
Extremadura,2010,139.248,19480.55,99.57095738248223,1.3984800755214817
Extremadura,2011,130.763,19879.46,101.60990651941349,1.2869119210833695
Extremadura,2012,120.066,19721.35,100.80175869649553,1.1911101706221938
Extremadura,2013,102.356,19129.72,97.77775960426261,1.0468229218409888
Extremadura,2014,98.126,19180.57,98.0376692671263,1.0009009876870187
Extremadura,2015,100.0,19564.49,100.0,1.0
Extremadura,2016,101.43,19475.2,99.54361192139432,1.0189503680064904
Extremadura,2017,101.85,19672.4,100.55156050579393,1.0129131709908297
Extremadura,2018,103.737,19947.8,101.95921283917954,1.0174362581988992
Extremadura,2019,105.765,19940.68,101.92282037507749,1.0376969515833965
Extremadura,2020,106.309,20479.3,104.67586939398879,1.0156017868823641
Extremadura,2021,108.771,21393.01,109.34611635672586,0.9947404043610509
Extremadura,2022,114.612,21922.73,112.05367479550961,1.0228312476958847
Extremadura,2023,116.364,23684.22,121.05718063696011,0.961231703792652
Extremadura,2024,124.857,24979.44,127.67744009682846,0.9779096440632778
Galicia,2008,140.439,19156.41,92.88159014378495,1.5120219171807243
Galicia,2009,138.72,19806.66,96.03438620478993,1.444482601306833
Galicia,2010,136.011,20241.99,98.14512316632364,1.3858151644428238
Galicia,2011,129.103,19970.29,96.82776109054501,1.3333262955370202
Galicia,2012,112.385,19389.2,94.01029355792005,1.1954541970529986
Galicia,2013,99.834,19824.66,96.12166083623643,1.038621254891635
Galicia,2014,98.655,20195.89,97.92160313800787,1.00748963291541
Galicia,2015,100.0,20624.55,100.0,1.0
Galicia,2016,101.957,21082.12,102.21856961727649,0.9974410753520045
Galicia,2017,103.717,21605.88,104.75806744874434,0.9900621739776394
Galicia,2018,107.673,22244.59,107.85491077381081,0.9983133751397532
Galicia,2019,111.998,22177.4,107.52913396898359,1.041559583585091
Galicia,2020,114.516,22834.66,110.71591865034631,1.0343228091856853
Galicia,2021,119.78,23305.86,113.00057455799035,1.0599946103683795
Galicia,2022,127.685,24169.68,117.1888841211081,1.0895657976233033
Galicia,2023,132.306,25279.15,122.56824997393885,1.0794475733163496
Galicia,2024,142.155,26547.27,128.71684473115778,1.1044009064773892
"Madrid, Comunidad de",2008,149.458,25269.61,95.54435791839396,1.5642786581668653
"Madrid, Comunidad de",2009,133.981,25860.65,97.77907928148929,1.3702419882098864
"Madrid, Comunidad de",2010,134.509,25988.95,98.26418139113522,1.368850766329536
"Madrid, Comunidad de",2011,122.826,25845.2,97.7206628544119,1.2569091982418399
"Madrid, Comunidad de",2012,103.984,26044.39,98.4737999488809,1.0559560010274764
"Madrid, Comunidad de",2013,92.203,26215.36,99.12023726521889,0.9302136732511017
"Madrid, Comunidad de",2014,94.572,26570.35,100.46245392853308,0.9413666131157474
"Madrid, Comunidad de",2015,100.0,26448.04,100.0,1.0
"Madrid, Comunidad de",2016,108.566,26330.14,99.55422027492395,1.090521322955366
"Madrid, Comunidad de",2017,121.003,27089.12,102.4239225288528,1.1813939264619893
"Madrid, Comunidad de",2018,133.325,27010.93,102.12828625486048,1.3054659476737749
"Madrid, Comunidad de",2019,141.142,27817.76,105.17890928779599,1.3419230238811464
"Madrid, Comunidad de",2020,143.56,28829.06,109.00263308736677,1.3170324049414028
"Madrid, Comunidad de",2021,147.206,29512.58,111.58702119325288,1.3192035993600018
"Madrid, Comunidad de",2022,157.232,31230.73,118.08334379409588,1.3315341092827482
"Madrid, Comunidad de",2023,163.414,32219.6,121.82225979694525,1.3414133038771432
"Madrid, Comunidad de",2024,175.952,34410.01,130.1041967571132,1.3523929618387207
"Murcia, Región de",2008,140.303,18911.75,90.36154652543985,1.5526848022737185
"Murcia, Región de",2009,138.882,20430.4,97.6177529913068,1.4227125266074085
"Murcia, Región de",2010,137.444,20863.37,99.68651123943928,1.378762264734796
"Murcia, Región de",2011,130.497,21077.49,100.70959024281166,1.2957753048678946
"Murcia, Región de",2012,115.925,20682.01,98.81996160347995,1.1730929472038742
"Murcia, Región de",2013,98.18,20449.83,97.71059076935428,1.004804077295508
"Murcia, Región de",2014,98.365,20717.07,98.98748051744519,0.9937115227684222
"Murcia, Región de",2015,100.0,20928.98,100.0,1.0
"Murcia, Región de",2016,101.397,21242.5,101.49801853697599,0.9990047240484878
"Murcia, Región de",2017,102.612,21309.22,101.81681094826409,1.0078099976254409
"Murcia, Región de",2018,106.14,21510.59,102.77896963922753,1.0327015378006832
"Murcia, Región de",2019,110.973,22123.99,105.70983392406129,1.0497888028063653
"Murcia, Región de",2020,114.378,22919.62,109.51140476028931,1.0444391636685078
"Murcia, Región de",2021,120.327,23281.39,111.23996487167554,1.081688583224627
"Murcia, Región de",2022,129.515,23851.69,113.96489461024856,1.136446450838494
"Murcia, Región de",2023,132.505,25329.87,121.02773283743402,1.0948317124801668
"Murcia, Región de",2024,143.767,26349.36,125.89892101765112,1.1419240040972531
"Navarra, Comunidad Foral de",2008,179.108,23342.74,93.88175183538597,1.9078041951544678
"Navarra, Comunidad Foral de",2009,161.204,23657.71,95.14852408986816,1.6942354234285566
"Navarra, Comunidad Foral de",2010,151.057,23824.88,95.82086214676814,1.5764521067304431
"Navarra, Comunidad Foral de",2011,139.463,24384.92,98.07327708596934,1.4220285499152756
"Navarra, Comunidad Foral de",2012,119.902,23784.38,95.6579759153603,1.2534448785127046
"Navarra, Comunidad Foral de",2013,106.285,23836.93,95.86932582796479,1.1086444916774099
"Navarra, Comunidad Foral de",2014,99.395,24700.78,99.34362881566024,1.0005171059780298
"Navarra, Comunidad Foral de",2015,100.0,24863.98,100.0,1.0
"Navarra, Comunidad Foral de",2016,101.676,25468.38,102.430825636121,0.9926308742369951
"Navarra, Comunidad Foral de",2017,103.935,26329.79,105.89531523110942,0.9814881779535651
"Navarra, Comunidad Foral de",2018,107.557,26364.75,106.03592023481359,1.0143449480309883
"Navarra, Comunidad Foral de",2019,111.614,27493.93,110.57734924175455,1.009374892465355
"Navarra, Comunidad Foral de",2020,113.491,27995.96,112.59645479122811,1.007944701371198
"Navarra, Comunidad Foral de",2021,116.689,28459.37,114.46023524793698,1.01947195676503
"Navarra, Comunidad Foral de",2022,125.153,29189.52,117.39681257787369,1.0660681261425335
"Navarra, Comunidad Foral de",2023,132.566,31199.66,125.48135897792712,1.0564597090737526
"Navarra, Comunidad Foral de",2024,146.359,32605.28,131.13459711598867,1.116097530467458
País Vasco,2008,157.062,25547.13,92.6583829350147,1.6950651956677718
País Vasco,2009,140.915,26162.45,94.89012310260195,1.4850333774742044
País Vasco,2010,138.62,26593.7,96.45424900013818,1.4371580457777595
País Vasco,2011,127.966,26370.36,95.64420406574806,1.3379378421303312
País Vasco,2012,108.614,26535.61,96.24355897489093,1.1285326639711692
País Vasco,2013,99.535,26915.07,97.6198446863787,1.0196185040016614
País Vasco,2014,99.04,27786.57,100.78073910887804,0.9827274623676114
País Vasco,2015,100.0,27571.31,100.0,1.0
País Vasco,2016,102.574,27480.71,99.67139755056978,1.0291217191768334
País Vasco,2017,107.89,28204.49,102.29651764823653,1.0546791081490925
País Vasco,2018,113.748,28470.94,103.26292076800121,1.101537697694562
País Vasco,2019,118.688,29476.21,106.90899344282154,1.1101778828689306
País Vasco,2020,121.362,30224.16,109.62177712992236,1.1070975419068718
País Vasco,2021,123.882,31063.68,112.66668141629832,1.0995442347526114
País Vasco,2022,131.765,32313.73,117.2005610179567,1.124269362326788
País Vasco,2023,136.316,33504.92,121.52095783624353,1.1217488935833904
País Vasco,2024,147.897,35170.28,127.56114961530662,1.1594204069657679
"Rioja, La",2008,170.416,20674.16,95.02394424912866,1.7934006144094852
"Rioja, La",2009,161.125,21179.93,97.34859784003062,1.6551342656703778
"Rioja, La",2010,155.023,21035.86,96.68641375864729,1.6033586723670914
"Rioja, La",2011,137.909,20996.76,96.50669974752708,1.429009595818593
"Rioja, La",2012,117.833,20346.24,93.51673661417884,1.260020444106626
"Rioja, La",2013,101.723,20628.81,94.81550357382685,1.0728519721544771
"Rioja, La",2014,99.483,21954.1,100.906889297548,0.9858890774707233
"Rioja, La",2015,100.0,21756.79,100.0,1.0
"Rioja, La",2016,101.96,21999.02,101.11335357835416,1.008373240444347
"Rioja, La",2017,104.037,22234.21,102.19434944217414,1.018030845813726
"Rioja, La",2018,109.157,22641.17,104.06484596303038,1.0489325092431179
"Rioja, La",2019,115.012,22877.13,105.14938095187756,1.09379626355229
"Rioja, La",2020,117.18,23292.63,107.05912958667156,1.0945353325064624
"Rioja, La",2021,121.331,23716.88,109.00909555131983,1.1130355626414605
"Rioja, La",2022,130.006,24903.38,114.46256547955834,1.1357949164892476
"Rioja, La",2023,133.66,26319.06,120.96940771133977,1.104907451633911
"Rioja, La",2024,145.982,27855.4,128.03083543114587,1.1402096964251096
